Dataset,F1_measure,Accuracy
HDFS,0.999984,0.000000
Hadoop,0.998989,0.108500
Spark,0.991876,0.193500
Zookeeper,0.999536,0.497000
BGL,0.999599,0.341000
HPC,0.990644,0.619500
Thunderbird,0.999329,0.160500
Windows,0.999994,0.159000
Linux,0.992437,0.201000
Android,0.995913,0.709000
HealthApp,0.918381,0.238000
Apache,1.000000,0.693500
Proxifier,0.784886,0.000000
OpenSSH,0.999221,0.506500
OpenStack,0.992536,0.018500
Mac,0.975451,0.224000
